{
    "name": "Nano Dataset",
    "sparsity": 0.9166666666666666,
    "user_information": {
        "std_consumption": 0.816496580927726,
        "min_consumption": 1.0,
        "median_consumption": 1.0,
        "mean_consumption": 1.6666666666666667,
        "max_consumption": 3.0,
        "num_user": 15.0,
        ">=75%": 2.0,
        ">=50%": 1.0,
        ">=25%": 1.0
    },
    "item_information": {
        "std_ratings": 0.7163503994113789,
        "min_ratings": 1.0,
        "median_ratings": 1.0,
        "mean_ratings": 1.25,
        "max_ratings": 4.0,
        "num_item": 20.0,
        ">=75%": 1.0,
        ">=50%": 1.0,
        ">=25%": 1.0
    },
    "ratings_information": {
        "std": 1.491084616423003,
        "min": 1.0,
        "median": 1.0,
        "mean": 2.16,
        "max": 5.0,
        "num_ratings": 25.0,
        ">=75%": 3.0,
        ">=50%": 1.0,
        ">=25%": 1.0
    }
}